lutador,grau
Aalon Cruz,2
Spike Carlyle,3
Uros Medic,1
Andrei Arlovski,32
Aaron Brink,1
Jack Shore,2
Aaron Phillips,3
Matt Hobar,3
Sam Sicilia,12
Aaron Riley,8
Joe Brammer,2
Jorge Gurgel,7
Justin Salas,7
Robbie Lawler,20
Ross Pearson,26
Shane Nelson,3
Spencer Fisher,15
Tony Ferguson,18
James Te Huna,10
Aaron Rosa,3
Joey Beltran,10
Matt Lucas,1
Brad Tavares,19
Aaron Simpson,11
Chris Leben,22
Ed Herman,24
Eric Schafer,9
Kenny Robertson,9
Mario Miranda,4
Mark Munoz,15
Mike Pierce,14
Ronny Markes,5
Tim McKenzie,1
Tom Lawlor,11
Cody McKenzie,7
Aaron Wilkinson,1
Charlie Ward,2
Abdul Razak Alhassan,6
Khaos Williams,3
Mounir Lazzez,2
Niko Price,11
Omari Akhmedov,14
Sabah Homasi,2
Bojan Mihajlovic,3
Abdul-Kerim Edilov,1
Gleison Tibau,28
Abel Trujillo,10
James Vick,14
Jamie Varner,9
John Makdessi,17
Jordan Rinaldi,5
Khabib Nurmagomedov,13
Marcus LeVesseur,3
Roger Bowling,2
Tony Sims,3
Chris Gruetzemacher,5
Abner Lloveras,1
Vitor Miranda,7
Abu Azaitar,1
Abubakar Nurmagomedov,1
David Zawada,4
Tor Troeng,4
Adam Cella,1
Chris de la Rocha,4
Adam Milstead,4
Curtis Blaydes,12
Jordan Johnson,4
Mike Rodriguez,7
Anthony Hamilton,10
Adam Wieczorek,3
Arjan Bhullar,4
Marcos Rogerio de Lima,11
Adam Yandiev,1
Chris Spang,1
Adlan Amagov,2
TJ Waldburger,8
Shonie Carter,6
Adrian Serrano,1
Adrian Yanez,2
Gustavo Lopez,3
Victor Rodriguez,1
Adriano Martins,7
Daron Cruickshank,13
Donald Cerrone,34
Islam Makhachev,9
Juan Manuel Puig,2
Kajan Johnson,7
Leonardo Santos,9
Rustam Khabilov,13
Tulio Palhares,1
Adriano Santos,1
Aiemann Zahabi,4
Drako Rodriguez,1
Reginaldo Vieira,3
Ricardo Ramos,7
Vince Morales,4
Aisling Daly,3
Alex Chambers,5
Ericka Almeida,2
Randa Markos,16
Francisco Trinaldo,22
Akbarh Arreola,4
Jake Matthews,15
Tiago dos Santos e Silva,4
Yves Edwards,21
Dan Hardy,10
Akihiro Gono,3
Jon Fitch,17
Tamdan McCrory,9
Andy Ogle,6
Akira Corassani,6
Dustin Poirier,22
Max Holloway,21
Maximo Blanco,9
Robert Peralta,8
Al Iaquinta,13
Dan Hooker,16
Diego Sanchez,32
Joe Lauzon,26
Jorge Masvidal,19
Kevin Lee,16
Michael Chiesa,15
Mitch Clarke,7
Piotr Hallmann,6
Rodrigo Damm,7
Ryan Couture,2
Tom Aspinall,3
Alan Baudot,1
Alan Belcher,14
Denis Kang,3
Jason Day,3
Jason MacDonald,14
Jorge Santiago,6
Kalib Starnes,5
Kendall Grove,13
Michael Bisping,27
Patrick Cote,21
Rousimar Palhares,12
Sean Salmon,2
Wilson Gouveia,10
Yoshihiro Akiyama,7
Yushin Okami,20
Alan Jouban,13
Albert Tumenov,8
Belal Muhammad,13
Ben Saunders,19
Brendan O'Reilly,4
Dwight Grant,4
Gunnar Nelson,13
Jared Gooden,1
Matt Dwyer,4
Mike Perry,14
Richard Walsh,6
Seth Baczynski,11
Warlley Alves,12
Alan Omer,2
Arnold Allen,7
Jim Alers,4
Bobby Green,14
Alan Patrick,8
Damien Brown,6
Damir Hadzovic,7
Garett Whiteley,3
Mairbek Taisumov,9
Scott Holtzman,11
Stevie Ray,11
Albert Cheng,1
Anying Wang,2
Alejandro Perez,11
Albert Morales,6
Andre Soukhamthath,7
Benito Lopez,3
Brett Johns,7
Manny Bermudez,5
Thomas Almeida,9
Anthony Lapsley,2
Ildemar Alcantara,7
Leon Edwards,13
Lorenz Larkin,10
Nicholas Musoke,6
Remco Pardoel,5
Alberta Cerra Leon,1
Kurt Pellegrino,12
Alberto Crane,2
Roger Huerta,8
Mike Pyle,19
Alberto Mina,4
Ramazan Emeev,6
Shinsho Anzai,4
Jake Collier,8
Alberto Uda,2
Marvin Vettori,9
Cody Stamann,8
Eddie Wineland,15
Ian Entwistle,3
Iuri Alcantara,18
Jose Quinonez,9
Matthew Lopez,6
Patrick Williams,4
Scott Jorgensen,12
Song Yadong,7
Aleksa Camur,2
Justin Ledet,7
William Knight,1
Anthony Smith,15
Aleksandar Rakic,7
Devin Clark,11
Francimar Barroso,8
Jimi Manuwa,11
Thiago Santos,21
Volkan Oezdemir,9
Aleksandra Albu,4
Emily Whitmire,5
Izabela Badurek,1
Kailin Curran,7
Loma Lookboonmee,3
Elizeu Zaleski dos Santos,11
Aleksei Kunchenko,4
Gilbert Burns,16
Thiago Alves,26
Alistair Overeem,20
Aleksei Oleinik,14
Chris Daukaus,3
Daniel Omielanczuk,9
Derrick Lewis,21
Fabricio Werdum,17
Jared Rosholt,8
Junior Albini,5
Mark Hunt,17
Maurice Greene,7
Travis Browne,16
Viktor Pesta,5
Walt Harris,15
Alen Amedovski,2
John Phillips,6
Krzysztof Jotko,13
Alessio Di Chirico,9
Bojan Velickovic,6
Eric Spicely,7
Garreth McLellan,5
Joaquin Buckley,4
Julian Marquez,3
Kevin Holland,11
Makhmud Muradov,3
Oluwale Bamgbose,5
Zak Cummings,13
Brian Stann,11
Alessio Sakara,15
Chris Weidman,15
Dean Lister,6
Drew McFedries,9
Elvis Sinosic,7
Houston Alexander,6
James Irvin,10
James Lee,1
Joe Vedepo,2
Ron Faircloth,1
Thales Leites,21
Victor Valimaki,2
Amaury Bitetti,2
Alex Andrade,1
Alex Caceres,24
Austin Springer,1
Chase Hooper,3
Cole Escovedo,3
Cole Miller,20
Damacio Page,3
Edwin Figueroa,6
Francisco Rivera,11
Jason Knight,9
Jimy Hettes,6
Kevin Croom,2
Kron Gracie,2
Kyung Ho Kang,9
Mackens Semerzier,3
Martin Bravo,4
Masanori Kanehara,3
Masio Fullen,3
Motonobu Tezuka,2
Roland Delorme,7
Rolando Dy,4
Sergio Pettis,14
Steven Peterson,5
Urijah Faber,16
Wang Guan,1
Yair Rodriguez,9
Livinha Souza,5
Nadia Kassem,3
Paige VanZant,9
Alexander Yakovlev,9
Alex Da Silva,3
Brad Riddell,3
Kazula Vargas,2
Ben Wall,2
Alex Garcia,10
Court McGee,17
Mike Swick,15
Muslim Salikhov,5
Neil Magny,24
Ryan LaFlare,10
Sean Spencer,8
Sean Strickland,12
Tim Means,22
Alex Gorgees,1
Damir Ismagulov,3
Alex Hunter,2
Harry Moskowitz,1
Sam Fulton,1
Jason Von Flue,3
Alex Karalexis,3
Josh Rafferty,1
Kenny Florian,17
Anthony Pettis,19
Alex Morono,12
James Moontasri,6
Jordan Mein,9
Joshua Burkman,19
Keita Nakamura,11
Kyle Noke,12
Max Griffin,11
Rhys McKee,2
Song Kenan,6
Zak Ottow,8
Alex Nicholson,4
Jack Hermansson,12
Misha Cirkunov,10
Sam Alvey,20
Alex Oliveira,18
Carlo Pedersoli Jr.,3
Carlos Condit,17
Joe Merritt,1
KJ Noons,6
Nicolas Dalby,7
Peter Sobotta,10
Shavkat Rakhmonov,1
Will Brooks,4
Yancy Medeiros,14
Carls John De Tomas,2
Alex Perez,8
Deiveson Figueiredo,10
Eric Shelton,6
Jordan Espinosa,6
Jose Torres,2
Joseph Benavidez,17
Jussier Formiga,15
Mark De La Rosa,7
Alex Reyes,1
Jeremy Kennedy,4
Alex Ricci,2
Paul Felder,14
Alex Schoenauer,1
Alex Soto,2
Michael McDonald,9
Mark Hughes,1
Alex Stiebling,1
Alex Torres,1
Anthony Rocco Martin,15
Alex White,10
Artem Lobov,7
Clay Collard,4
Dan Moret,3
Estevan Payan,3
James Krause,13
Jim Miller,34
Lucas Martins,7
Rafael Fiziev,4
Carla Esparza,12
Alexa Grasso,8
Felice Herrig,9
Heather Clark,3
Ji Yeon Kim,6
Karolina Kowalkiewicz,11
Maycee Barber,5
Tatiana Suarez,5
Alexander Gustafsson,16
Anthony Johnson,17
Cyrille Diabate,8
Daniel Cormier,11
Glover Teixeira,20
Jan Blachowicz,14
Jared Hamman,7
Jon Jones,20
Matt Hamill,15
Mauricio Rua,17
Phil Davis,12
Thiago Silva,12
Vladimir Matyushenko,12
Beneil Dariush,18
Alexander Hernandez,7
Drew Dober,16
Olivier Aubin-Mercier,12
Thiago Moises,6
Nasrat Haqparast,7
Alexander Munoz,1
Chad Mendes,13
Alexander Volkanovski,8
Darren Elkins,23
Jose Aldo,14
Mizuto Hirota,7
Shane Young,4
Yusuke Kasuya,2
Alexander Volkov,9
Greg Hardy,8
Roy Nelson,19
Stefan Struve,24
Timothy Johnson,7
Demian Maia,32
George Sullivan,7
Gray Maynard,17
Joel Alvarez,4
Kamaru Usman,13
Roosevelt Roberts,7
Alexandr Romanov,2
Roque Martinez,2
Martin Kampmann,16
Alexandre Barros,1
Gan McGee,4
Alexandre Dantas,2
Yuki Kondo,3
Alexandre Ferreira,1
Alexandre Pantoja,10
Askar Askarov,4
Brandon Moreno,10
Dustin Ortiz,13
Manel Kape,2
Matt Schnell,8
Neil Seery,7
Wilson Reis,13
Yuta Sasaki,9
Alexis Davis,11
Cindy Dandois,1
Jennifer Maia,6
Jessica Eye,14
Katlyn Chookagian,12
Liz Carmouche,9
Ronda Rousey,8
Rosi Sexton,2
Sabina Mazo,5
Sara McMann,12
Sarah Kaufman,4
Viviane Araujo,5
Alexis Dufresne,2
Marion Reneau,12
Sarah Moras,9
Jens Pulver,8
Alfonso Alcarez,1
Irwin Rivera,3
Ali AlQaisi,2
Tony Kelley,2
Demetrious Johnson,14
Ali Bagautinov,7
Geane Herrera,4
John Lineker,16
Kyoji Horiguchi,8
Marcos Vinicius,3
Tim Elliott,15
Antonio Silva,9
Augusto Sakai,5
Ben Rothwell,15
Brock Lesnar,7
Francis Ngannou,11
Frank Mir,24
Jairzinho Rozenstruik,7
Junior Dos Santos,20
Sergei Pavlovich,3
Stipe Miocic,14
Aljamain Sterling,15
Augusto Mendes,3
Bryan Caraway,10
Cody Gibson,4
Cory Sandhagen,8
Hugo Viana,6
Jimmie Rivera,10
Johnny Eduardo,7
Marlon Moraes,8
Pedro Munhoz,14
Petr Yan,8
Raphael Assuncao,14
Renan Barao,15
Takeya Mizugaki,14
Dan Henderson,15
Allan Goes,1
John Gunther,2
Allan Zuniga,1
Leonard Garcia,8
Allen Berube,1
Allen Crowder,3
Justin Willis,5
Alonzo Menifield,4
Ovince Saint Preux,22
Paul Craig,10
Vinicius Moreira,4
Alptekin Ozkilic,4
Ben Nguyen,7
Darren Uyenoyama,4
Louis Smolka,15
Devin Powell,4
Alvaro Herrera Mendoza,4
Vernon Ramos Ho,1
Vicente Luque,14
Alvin Robinson,4
Mark Bocek,13
Nate Diaz,23
Amanda Cooper,6
Angela Magana,3
Anna Elmose,2
Ashley Yoder,8
Cynthia Calvillo,9
Mackenzie Dern,6
Amanda Lemos,4
Inoue Mizuki,2
Leslie Smith,7
Miranda Granger,3
Cat Zingano,7
Amanda Nunes,13
Cristiane Justino,7
Felicia Spencer,4
Germaine de Randamie,8
Holly Holm,11
Megan Anderson,6
Miesha Tate,9
Raquel Pennington,11
Shayna Baszler,2
Sheila Gaff,2
Valentina Shevchenko,10
Amanda Ribas,5
Marina Rodriguez,6
Chuck Liddell,18
Amar Suloev,2
Phil Baroni,8
Don Frye,8
Charlie Brenneman,11
Amilcar Alves,2
Malcolm Gordon,2
Amir Albazi,2
Zhalgas Zhumagulov,2
Amir Sadollah,11
Brad Blackburn,5
CB Dollaway,20
DaMarques Johnson,10
Dong Hyun Kim,18
Duane Ludwig,9
Johny Hendricks,20
Jorge Lopez,2
Andre Ewell,7
Anderson Dos Santos,3
Martin Day,4
Nad Narimani,4
Anderson Silva,22
Chael Sonnen,13
Derek Brunson,18
Forrest Griffin,11
Israel Adesanya,10
Jared Cannonier,11
Nate Marquardt,25
Nick Diaz,14
Rich Franklin,17
Stephan Bonnar,13
Travis Lutter,6
Uriah Hall,15
Vitor Belfort,23
Chris Gutierrez,6
Jonathan Martinez,7
Marlon Vera,16
Nathaniel Wood,6
Andre Fili,16
Bryce Mitchell,5
Calvin Kattar,9
Charles Jourdain,5
Dennis Bermudez,17
Felipe Arantes,12
Gabriel Benitez,10
Godofredo Pepey,11
Hacran Dias,8
Jeremy Larsen,3
Michael Johnson,24
Myles Jury,12
Sheymon Moraes,5
Sodiq Yusuff,4
Andre Gusmao,2
Krzysztof Soszynski,8
Antonio Arroyo,2
Andre Muniz,2
Bartosz Fabinski,5
Pat Miletich,10
Andre Pederneiras,1
Gary Goodridge,7
Andre Roberts,2
Ron Waterman,4
Luke Sanders,7
Montel Jackson,6
Sean O'Malley,5
Su Mudaerji,4
Anthony Njokuani,8
Andre Winner,6
Dennis Siver,21
Nik Lentz,23
Rafaello Oliveira,8
Rolando Delgado,3
Ashlee Evans-Smith,8
Andrea Lee,6
Joanne Calderwood,12
Lauren Murphy,10
Montana De La Rosa,7
Roxanne Modafferi,10
Veronica Macedo,5
Modestas Bukauskas,2
Andreas Michailidis,1
Andreas Stahl,2
Santiago Ponzinibbio,12
Brendan Schaub,11
Ian Freeman,6
Jake O'Brien,7
Josh Barnett,10
Justin Eilers,4
Marcin Tybura,13
Marcio Cruz,4
Paul Buentello,6
Pedro Rizzo,12
Philipe Lins,2
Ricco Rodriguez,7
Shamil Abdurakhimov,8
Tai Tuivasa,8
Tanner Boser,5
Tim Sylvia,11
Wesley Correira,4
Ivan Salaverry,7
Andrei Semenov,2
Ricardo Almeida,11
Cezar Ferreira,15
Andrew Craig,7
Luke Barnatt,6
Lyman Good,6
Rafael Natal,17
Gregor Gillespie,7
Andrew Holbrook,5
Joaquim Silva,6
Ramsey Nijem,10
Thibault Gouti,6
Andrew Sanchez,9
Khalil Rountree Jr.,10
Marc-Andre Barriault,4
Markus Perez,7
Ryan Janes,4
Trevor Smith,12
Wellington Turman,3
Jon Hess,1
Andy Anderson,1
Clint Hester,7
Andy Enz,3
Marcelo Guimaraes,4
Charles Oliveira,24
Josh Grispi,4
Makwan Amirkhani,9
Andy Wang,1
Ariane Carnelossi,1
Angela Hill,16
Claudia Gadelha,11
Cortney Casey,13
Emily Kagan,2
Hannah Cifers,7
Jessica Andrade,16
Jodie Esquibel,4
Maryna Moroz,8
Michelle Waterson,10
Nina Ansaroff,7
Rose Namajunas,8
Tecia Torres,13
Yan Xiaonan,6
Anistavio Medeiros,1
Josh Koscheck,24
Ansar Chalangov,2
Anthony Birchak,5
Dileno Lopes,2
Joe Soto,8
Anthony Christodoulou,2
Damian Grabowski,3
Daniel Spitz,4
Marcel Fortuna,3
Ruan Potts,3
Todd Duffee,6
Junyong Park,3
Anthony Hernandez,4
Rodolfo Vieira,3
Bryan Barberena,11
Anthony Ivy,2
Christian Aguilera,2
Chad Reiner,2
Kevin Burns,4
Luigi Fioravanti,9
Rich Clementi,10
Rogerio Nogueira,11
Ryan Bader,19
Tommy Speer,2
Yoshiyuki Yoshida,5
Jason High,5
Dan Severn,11
Anthony Macias,2
Oleg Taktarov,7
Danny Castillo,14
Edson Barboza,23
Rafael Dos Anjos,29
Vinc Pichel,8
Christian Wellisch,5
Anthony Perosh,12
Gian Villante,17
Guto Inocente,2
Jeff Monson,7
Mirko Filipovic,10
Nick Penner,2
Ryan Jimmo,7
Sean O'Connell,7
Tom Blackledge,1
Vinny Magalhaes,5
Benson Henderson,13
Clay Guida,30
Diego Ferreira,10
Eddie Alvarez,7
Gilbert Melendez,7
Jeremy Stephens,32
Stephen Thompson,15
Fabricio Camoes,6
Felipe Olivieri,1
Johnny Case,6
Rashid Magomedov,6
Sergio Moraes,14
Antonio Braga Neto,3
Elvis Mutapcic,3
Hector Lombard,12
Leonardo Guimaraes,2
Rashad Evans,22
Jess Liaudin,5
Anthony Torres,2
Pat Healy,6
Anton Kuivanen,3
Anton Zafir,2
Li Jingliang,14
Cheick Kongo,18
Antoni Hardonk,8
Colin Robinson,2
Eddie Sanchez,6
Justin McCully,4
Mike Wessel,1
Pat Barry,12
Sherman Pendergarst,1
Antonina Shevchenko,5
Ariane Lipski,5
Lucie Pudilova,7
Deron Winn,4
Miguel Torres,4
Antonio Banuelos,1
Trevin Giles,7
Antonio Carlos Junior,13
Daniel Kelly,10
Eddie Gordon,4
Ian Heinisch,6
Jack Marshman,8
Kevin Casey,7
Patrick Cummins,13
Tim Boetsch,24
Antonio Carvalho,4
Daniel Pineda,9
Daniel Sarafian,6
Antonio Dos Santos,2
Scott Askham,6
Jacob Volkmann,10
Antonio McKee,1
Antonio Mendes,2
Antonio Rodrigo Nogueira,10
Cain Velasquez,12
Dave Herman,5
Heath Herring,5
Randy Couture,19
Soa Palelei,7
Colby Covington,13
Isabela de Padua,1
Luana Carolina,2
Molly McCann,6
Ariel Beck,1
Shana Dobson,6
Juan Adams,4
Luis Henrique,6
Marcelo Golm,4
Davi Ramos,7
Arman Tsarukyan,4
Matt Frevola,5
Mads Burnell,3
Yaotzin Meza,7
Chris Avila,2
Cub Swanson,18
Ryan Hall,4
Teruto Ishihara,9
Dave Beneteau,5
Asbel Cancio,1
John Moraga,14
Ashkan Mokhtarian,2
Ryan Benoit,8
Bec Rawlings,7
Ketlen Vieira,7
Norma Dumont,2
Justine Kish,6
Syuri Kondo,4
Aspen Ladd,5
Lina Lansberg,8
Sijara Eubanks,8
Tonya Evinger,3
Yana Kunitskaya,6
Brandon Vera,16
Assuerio Silva,3
Cody Garbrandt,9
Frankie Saenz,10
Augusto Montano,3
Cathal Pendred,6
Chris Heatherly,2
Blagoy Ivanov,5
Chase Sherman,8
Austin Arnett,4
Hakeem Dawodu,6
Humberto Bandenay,4
Austin Hubbard,5
Joe Solecki,2
Kyle Prepolec,2
Mark Madsen,2
Max Rohskopf,1
Jacob Kilburn,2
Austin Lingo,2
Youssef Zalal,5
Ivan Menjivar,9
Azamat Gashimov,2
Azunna Anyanwu,1
BJ Penn,20
Caol Uno,9
Din Thomas,9
Frankie Edgar,21
Georges St-Pierre,17
Joe Stevenson,16
Joey Gilbert,1
Matt Hughes,19
Matt Serra,12
Paul Creighton,1
Rory MacDonald,12
Sean Sherk,12
Barb Honchak,2
Bart Palaszewski,4
Diego Nunes,6
Hatsu Hioki,8
Tyson Griffin,14
Emil Meek,4
Hector Urbina,3
Michel Prazeres,13
Bas Rutten,2
Kevin Randleman,7
Tsuyoshi Kohsaka,6
Batgerel Danaa,2
Guido Cannetti,6
Heili Alateng,3
Bea Malecki,2
Duda Santana,1
Jessica-Rose Clark,5
Lisa Ellis,2
Seo Hee Ham,4
Chance Rencountre,4
Curtis Millender,5
Dhiego Lima,10
Geoff Neal,6
Randy Brown,10
Takashi Sato,4
Ben Alloway,3
Manuel Rodriguez,1
Ben Askren,3
Ben Earwood,1
Chris Lytle,19
Gabriel Gonzaga,21
Gilbert Yvel,3
Matt Mitrione,14
Brandon Wolff,2
Dan Barrera,1
Dennis Hallman,9
Jake Ellenberger,21
Joe Riggs,12
Marcus Davis,15
Matt Brown,27
Ryan Thomas,2
Ben Sosoli,2
Drakkar Klose,7
Evan Dunham,21
Frank Camacho,7
Benji Radach,3
Nick Serra,1
Steve Berger,3
Brandon Thatch,6
Josh Thomson,7
Bentley Syler,1
Fredy Serrano,4
Henry Martinez,3
Bernardo Magalhaes,2
Papy Abedi,4
Besam Yousef,2
Simeon Thoresen,3
Bethe Correia,11
Irene Aldana,9
Jessamyn Duke,4
Julie Kedzie,2
Pannie Kianzad,5
Bevon Lewis,4
Darren Stewart,11
Dequan Townsend,4
Bharat Kandare,1
Jenel Lausa,4
Bibulatov Magomed,3
Rogerio Bontorin,4
Ricardo Lamas,17
Bill Algeo,2
Bill Mahood,1
George Sotiropoulos,11
Billy Miles,1
Gavin Tucker,6
Billy Quarantillo,4
Kyle Nelson,4
Bob Cook,1
Tiki Ghosn,4
Carlos Newton,6
Bob Gilstrap,1
Erik Koch,10
Lando Vannata,9
Bobby Hoffman,3
Mark Robinson,1
Maurice Smith,7
Bobby Moffett,3
Chas Skelly,11
Enrique Barzola,10
Danny Roberts,10
Bobby Nash,3
Sam Hoger,5
Bobby Southworth,1
Bobby Voelker,4
Lance Benoist,4
William Macario,4
Joachim Christensen,4
Darren Till,10
Michael Graves,3
Sultan Aliev,4
Boston Salmon,2
Khalid Taha,4
Randy Costa,3
Edgar Garcia,4
James Giboo,1
Ryo Chonan,4
Brad Gumm,2
CJ Fernandes,1
Dan Christison,2
Brad Imes,3
Brad Katona,4
Hunter Azure,3
Jay Cucciniello,1
Merab Dvalishvili,7
Brad Kohler,2
Steve Judson,2
Tra Telligman,4
Brad Morris,2
Jason Brilz,7
Brad Pickett,14
Chico Camus,8
Ian McCall,5
Mike Easton,7
Yves Jabouin,10
Jamie Mullarkey,2
Magomed Mustafaev,5
Brad Scott,8
Claudio Silva,6
Dylan Andrews,5
Michael Kuiper,4
Robert Whittaker,15
Caio Magalhaes,7
Dongi Yang,5
Edmen Shahbazyan,5
Elias Theodorou,11
Riki Fukuda,5
Robert McDaniel,3
Tom Watson,7
Yoel Romero,12
Jason Lambert,8
Branden Lee Hinkle,3
Sean Gannon,1
Brandon Davis,7
Giga Chikadze,5
Kyle Bochniak,7
Zabit Magomedsharipov,6
Brandon Melendez,1
Brandon Royval,3
Kai Kara-France,7
Justin Edwards,7
Paulo Thiago,13
Siyar Bahadurzada,8
Eliot Marshall,6
Fabiano Scherner,2
Keith Jardine,13
Michael Patt,2
Reese Andy,2
Brendan Allen,4
Kyle Daukaus,2
Tom Breese,8
Brendan Loughnane,1
Mike Wilkinson,4
Dong Hyun Ma,8
Vik Grujic,4
Zhang Lipeng,4
Chase Gormley,2
Chris Tuchscherer,4
Lavar Johnson,4
Kwan Ho Kwak,2
Tony Gravely,2
Brian Bowles,4
George Roop,13
Chad Laprise,10
Brian Camozzi,3
Terry Etim,11
Brian Cobb,1
Brian Ebersole,8
Claude Patrick,4
James Head,5
John Howard,14
Rick Story,19
Brian Foster,5
Brock Larson,6
Forrest Petz,7
Brian Gassaway,1
Matt Wiman,17
Brian Geraghty,1
Brian Houston,2
Dan Bobish,2
Brian Johnston,6
Ken Shamrock,9
Mark Coleman,12
Reza Nasri,1
Scott Fiedler,1
Brian Kelleher,11
Damian Stasiak,6
Ode Osbourne,2
Ray Rodriguez,2
Ricky Simon,8
Kelvin Gastelum,18
Brian Melancon,2
Brian Ortega,9
Chan Sung Jung,9
Diego Brandao,10
Mike de la Torre,7
Renato Moicano,10
Thiago Tavares,18
Mike Massenzio,7
Rodney Wallace,3
Steve Cantwell,6
Wanderlei Silva,11
Brianna Van Buren,2
Bristol Marunde,2
Viscardi Andrade,4
Brock Jardine,2
Jesse Sanders,1
Shane Carwin,6
Brodie Farber,2
Rory Markham,3
Brok Weaver,3
Jalin Turner,5
Bruno Rodrigues,1
Matheus Nicolau,5
Chris Camozzi,18
Bruno Santos,3
Bruno Silva,4
David Dvorak,2
JP Buys,1
Tagir Ulanbekov,1
Joe Ellenberger,2
Joe Proctor,8
Sage Northcutt,8
Dustin Neace,1
Erik Perez,9
Johnny Bedford,5
Mitch Gagnon,8
Charles Rosa,9
Matt Sayles,3
Tyler Diamond,1
Bubba Bush,2
Buddy Roberts,2
Byron Bloodworth,2
Francis Carmont,9
Goran Reljic,4
Jason Miller,3
Jay Silva,2
Jesse Taylor,2
Joe Doerksen,9
Khalid Murtazaliev,1
Lyoto Machida,23
CJ Keith,2
CM Punk,2
Mickey Gall,8
Mike Jackson,2
Chris Wade,7
Cain Carrizosa,2
Leonardo Mafra,4
Denis Stojnic,2
Josh Samman,5
Karlos Vemola,6
Luke Zachrich,3
Nick Ring,6
David Abbott,18
Cal Worsham,3
Paul Varelans,8
Zane Frazier,1
Tim Credeur,5
Cale Yarbrough,1
Callan Potter,3
Maki Pitolo,5
Chris Fishgold,4
Dan Ige,9
Shane Burgos,8
Jason Dent,4
Cameron Dollar,1
Kyler Phillips,3
Cameron Else,1
Fabiano Iha,6
Hermes Franca,11
Joanna Jedrzejczyk,12
Juliana Lima,7
Virna Jandiroba,4
Erick Silva,15
Carlo Prater,3
TJ Grant,11
Carlos Barreto,1
Tyron Woodley,14
Carlos Eduardo Rocha,3
Kris McCray,3
Carlos Felipe,3
Justin Tafa,3
Serghei Spivac,5
Yorgan De Castro,3
Carlos Huachin,2
Raoni Barcelos,5
Pete Spratt,7
Renato Verissimo,3
Kennedy Nzechukwu,3
Carlos Ulberg,1
Naoki Inoue,2
Christos Giagos,8
Carlton Minus,2
Matthew Semelsberger,2
Carmelo Marrero,4
Sam Stout,18
Caros Fodor,1
Dominick Cruz,7
Casey Kenney,7
Ray Borg,12
Casey O'Neill,1
Julianna Pena,8
Gasan Umalatov,4
Mike King,1
Cesar Arzamendia,2
Marco Polo Reyes,8
Karl Roberson,7
Chad Griggs,2
Galore Bofando,2
Yosdenis Cedeno,4
Conor McGregor,11
Michihiro Omigawa,7
Rani Yahya,17
Dan Miller,13
Jeremy Horn,12
Renato Sobral,9
Trevor Prangley,4
Mark Hominick,7
JJ Aldrich,8
Chan-Mi Jeon,2
Ismail Naurdiev,4
Kyle Stewart,2
Charles Byrd,4
Desmond Green,7
Dooho Choi,6
Josh Culibao,2
Marcelo Rojo,1
David Loiseau,9
Charles McCarthy,3
Gideon Ray,3
David Teymur,6
Efrain Escudero,12
Eric Wisely,2
Jared Gordon,8
Jonathan Brookins,5
Darrick Minner,3
Kevin Aguilar,5
Sean Soriano,3
Daniel Roberts,7
Leandro Silva,8
Charlie Ontiveros,1
Charlie Valencia,1
Edimilson Souza,4
Jordan Griffin,4
Mirsad Bektic,10
Tom Niinimaki,4
Daniel Teymur,5
Peter Barrett,2
Ike Villanueva,3
Rashad Coulter,4
Chris Cope,3
Che Mills,4
Matthew Riddle,12
Dan Evensen,2
Gilbert Aldana,2
Mostapha Al-Turk,3
Shawn Jordan,10
Cheyanne Buys,1
Montserrat Conejo,1
Chris Holdsworth,2
Dustin Kimura,5
Dustin Pague,6
Henry Cejudo,11
Chris Kelades,4
Chris Beal,5
Tateki Matsuda,2
Gil Castillo,3
Chris Brennan,2
Dustin Jacoby,4
Jacare Souza,14
James Hammortree,1
Luiz Cane,9
Nick Catone,8
Chris Cariaso,13
Danny Martinez,4
Iliarde Santos,3
Josh Ferguson,2
Vaughan Lee,8
Will Campuzano,4
Keith Wisniewski,4
Chris Clements,5
Nordine Taleb,12
Chris Condo,1
Chuck O'Neil,1
Parker Porter,2
Rodrigo Nascimento,2
Chris Dempsey,4
Ilir Latifi,13
Jonathan Wilson,4
Cody Durden,2
Geraldo de Freitas,3
Ryan MacDonald,2
Evan Tanner,15
Chris Haseman,1
Davey Grant,7
Chris Indich,2
Paddy Holohan,5
Edwin DeWees,3
Jake Rosholt,3
Jason Thacker,1
Jorge Rivera,15
Terry Martin,6
Keith Rockel,2
Chris Liguori,1
Jason Gilliam,2
Karo Parisyan,13
Kyle Bradley,4
Paul Taylor,9
Ronald Jhun,1
Chris Price,2
Chris Sanford,1
Chris Saunders,1
Chris Tickle,1
Tim Hague,5
Frankie Perez,4
Mehdi Baghdad,2
Dominick Reyes,8
Gegard Mousasi,11
Jesse Bongfeldt,2
Luke Rockhold,9
Chris Wilson,4
Steve Bruno,3
Sean Brady,4
Jarjis Danho,2
Christian Colombo,3
Christian Morecraft,4
Sean McCorkle,3
Scott Junk,1
Christina Marks,1
Guy Mezger,4
Christophe Leninger,2
Jorge de Oliveira,2
Murilo Bustamante,4
Noe Hernandez,1
Paul Jones,2
Quinton Jackson,13
Tito Ortiz,20
Vernon White,2
Ciryl Gane,5
Don'Tale Mayes,3
Raphael Pessoa,3
James Wilks,4
Ricardo Funch,4
Jessica Aguilar,5
Tina Lahdemaki,1
Claudio Puelles,3
Felipe Silva,3
Marcos Mariano,2
Cole Williams,2
Justin James,1
Mac Danzig,12
Marcus Aurelio,6
Samy Schiavo,2
Shannon Gugerty,5
Takanori Gomi,13
Tatsuya Kawajiri,6
Clay Harvison,3
Clifford Starks,3
Cody Donovan,4
Nikita Krylov,13
Jimmy Flick,1
Cody East,2
Henry Briones,5
Marcus Brimage,8
TJ Dillashaw,13
Douglas Silva de Andrade,8
Manvel Gamburyan,15
Vagner Rocha,4
Cody Pfister,4
Terrion Ware,4
Tom Duquesnoy,3
Jonathan Meunier,2
Wagner Silva,2
Dan Lauzon,3
Junie Browning,2
Nam Phan,7
Steven Siler,9
TJ O'Brien,2
Cole Smith,3
Miles Johns,3
Jason Witt,3
Mike Ricci,3
Colin Fletcher,2
Norman Parke,9
Collin Hart,1
Colton Smith,4
Constantinos Philippou,10
Fabio Maldonado,11
Corey Anderson,14
Johnny Walker,6
Justin Jones,2
Matt Van Buren,2
Dale Hartt,3
Corey Hill,3
Joe Veres,2
Justin Buchholz,5
Cristina Stanciu,2
Gillian Robertson,9
Mara Romero Borella,7
Cory Hendricks,1
Josh Stansbury,3
Kay Hansen,2
Cory McKenna,1
Mario Bautista,4
David Heath,5
Cory Walmsley,1
Dominique Steele,5
Josh Neer,15
Marcio Alexandre Junior,3
Ryan Jensen,8
Crafton Wallace,2
Craig White,2
Cristiano Marcello,4
Kazuki Tokudome,4
Reza Madadi,7
Cung Le,4
Curt Warburton,3
Maciej Jewtuszko,1
Curtis Stout,2
Pearl Gonzalez,2
Poliana Botelho,5
Dmitrii Smoliakov,3
Cyril Asker,5
Hu Yaozong,2
Tom DeBlass,2
Da-Un Jung,3
Khadis Ibragimov,4
John Maguire,5
Mike Guymon,4
Daichi Abe,3
Hyun Gyu Lim,7
Luke Jumeau,4
Daiju Takase,3
Kenichi Yamamoto,3
Dalcha Lungiambula,3
Magomed Ankalaev,6
Filip Pejic,1
Pingyuan Liu,4
Jon Tuck,9
Marcin Held,4
Nick Hein,8
Ilia Topuria,2
Damon Jackson,5
Levan Makashvili,3
Rony Jason,9
Mark Kerr,4
Dan Cramer,2
Matt Arroyo,3
Marc Diakiese,9
Mark Eddiva,4
Michael Chandler,1
Danny Henry,4
Julio Arce,5
Mike Santiago,3
John Salter,3
Matt Horwich,2
Rob Kimmons,7
Joe Charles,2
Marcus Bossett,1
Royce Gracie,10
Dan Stittgen,2
Daniel Jolly,2
Patrick Walsh,2
Steve Montgomery,2
Nandor Guelmino,1
Herbert Burns,3
Justin Lawrence,3
Mike Brown,6
Pat Schilling,2
Robert Whiteford,5
Greg Soto,3
Rich Attonito,5
Daniel Rodriguez,4
Gabe Green,2
Eddie Mendez,1
Kiichi Kunimoto,5
Mark Godbeer,4
Daniel Spohn,1
Sung Bin Jo,1
Danielle Taylor,5
Jessica Penne,4
Zhang Weili,5
Jesse Lennox,3
Danillo Villefort,1
Danilo Belluardo,2
Danilo Marques,2
Danny Abbadi,2
John Cholish,3
Paul Sass,5
Shamar Bailey,3
Danny Chavez,2
TJ Brown,2
Danny Downes,2
Richie Vaculik,4
Sirwan Kakai,2
Igor Araujo,4
Danny Mitchell,2
Sai Wang,2
Michel Pereira,5
Nathan Coy,3
Oliver Enkamp,2
Zelim Imadaev,3
Dante Rivera,1
Darko Stosic,4
Jamahal Hill,3
Jeremy Kimball,4
Mike Rio,4
Darrel Gholar,1
Darrell Horcher,4
John Dodson,16
Darrell Montague,3
Willie Gates,4
Eduardo Garagorri,3
Nate Landwehr,3
Zhang Tiequan,4
Eryk Anders,11
Jessin Ayari,4
Wendell Oliveira Marques,2
Norifumi Yamamoto,4
Phil Harris,5
Grant Dawson,5
TJ Laramie,1
James McSweeney,3
Darrill Schoonover,1
Dashon Johnson,2
Todd Medina,2
Royston Wee,3
Dave Galera,1
Jon Olav Einemo,2
Dave Menne,6
Dave Strasser,2
Romie Aram,1
Grigory Popov,2
Hugo Duarte,1
John Matua,1
Kimo Leopoldo,5
Sam Adkins,2
Scott Ferrozzo,4
Steve Jennum,3
Steve Nelmark,2
Yoji Anjo,3
David Baron,1
David Bielkheden,3
Gerald Harris,4
David Branch,9
Tomasz Drwal,6
Travis Fulton,2
David Dodd,2
Tyrone Roberts,1
Scott Bessac,1
David Hood,1
David Kaplan,2
Junior Assuncao,5
David Lee,2
Johnny Rhodes,3
David Levicki,1
Mark Weir,3
David Michaud,3
David Mitchell,5
Yan Cabral,5
Marcelo Mello,1
David Roberts,1
David Terrell,3
Matt Lindland,10
Scott Smith,4
Jason Novelli,2
Martin Svensson,1
David Velasquez,1
DeAnna Bennett,1
Melinda Fabian,2
Jordan Radev,2
Yuki Sasaki,1
Jarred Brooks,4
Joseph Morales,3
Marco Beltran,6
Delson Heleno,1
Jake Shields,8
Nate Quarry,9
Xavier Foupa-Pokam,2
Matt Grice,7
Pablo Garza,6
Rick Glenn,6
Te Edwards,2
Tommy Hayden,2
Frank Trigg,6
Melvin Guillard,22
Naoyuki Kotani,5
Nate Mohr,4
Paul Kelly,9
Dusko Todorovic,2
Roan Carneiro,9
Derek Downey,1
Gerald Meerschaert,12
Derrick Krantz,2
Jack May,2
Derrick Noble,1
Josh Emmett,9
Ryan Spann,6
Jesus Pinedo,2
Devonte Smith,4
Julian Erosa,7
Justin Jaynes,4
Khama Worthy,3
Diana Belbita,2
Liana Jojua,3
Joey Gambino,2
Katsunori Kikuno,5
Diego Rivas,4
Noad Lahat,4
Rodolfo Rubio Perez,1
John Alessio,5
John Hathaway,9
Dustin Hazelett,10
Diego Saraiva,3
Geza Kalman,1
Dieusel Berto,1
Steven Graham,2
Dmitri Stepanov,1
Dmitry Sosnovskiy,1
Dokonjonosuke Mishima,2
Domingo Pilarte,2
Felipe Colares,3
Journey Newson,3
Dominic Waters,3
Mark Hall,4
Thomas Ramirez,1
Don Madge,2
Fares Ziam,2
Justin Gaethje,8
Jason Tan,2
Sean Pierson,6
Tarec Saffiedine,6
Omar Morales,3
Tony Fryklund,4
Donnie Chappell,1
Jeff Hougland,3
Donny Walker,2
Ken Stone,4
Roman Mitichyan,2
Dorian Price,1
Doug Evans,2
Lerone Murphy,3
Rob Font,11
Zubaira Tukhugov,7
Jason Gonzalez,4
Drew Fickett,7
Marvin Eastman,5
Dricus Du Plessis,1
Genki Sudo,3
Jonathan Goulet,9
Nick Osipczak,5
Punahele Soriano,2
Paul Daley,3
Stevie Lynch,1
Tony DeSouza,6
Maxim Grishin,3
Jon Delos Reyes,4
Hector Sandoval,4
Jose Maria,2
Justin Scoggins,9
Zach Makovsky,7
Jared Papazian,3
John Albert,5
Jason Young,4
Joe Duffy,8
Dustin Stoltzfus,1
Dwayne Cason,2
Houston Dorr,1
Jimmy Quinlan,1
Ebenezer Fontes Braga,1
Eddie Ruiz,1
Mario Neto,1
John Castaneda,2
Eddie Yagin,2
Sheldon Westcott,3
Luke Cummo,7
Edilberto de Oliveira,2
Ednaldo Oliveira,2
Mike Lullo,2
Edward Faaloloto,2
Jason Reinhardt,3
Phillipe Nover,7
Rodrigo de Lima,2
Eiji Mitsuoka,2
Elias Garcia,2
Elias Silverio,5
Ernest Chavez,3
Isaac Vallie-Flagg,4
Joao Zeferino,2
Shane Campbell,5
Roger Narvaez,3
Jules Bruchez,1
Elizabeth Phillips,4
Milana Dudieva,3
Valerie Letourneau,6
Luigi Vendramini,2
Jamie Moyle,3
Polyana Viana,6
Keith Hackney,4
Emmanuel Yarborough,1
Horacio Gutierrez,2
Matt Bessette,2
Movsar Evloev,4
Erick Montano,3
Enrique Marin,2
Enson Inoue,1
Royce Alger,2
Rob MacDonald,3
Luan Chagas,4
Luis Ramos,2
Mike Rhodes,3
Takenori Sato,2
Taylor Lapilus,4
Ernie Verdicia,1
Tim Williams,2
Eugene Jackson,7
Keiichiro Yamamiya,1
Sanae Kikuta,1
Mikey Burnett,3
Eugenio Tadeu,1
Per Eklund,3
Homer Moore,1
Justin Levens,2
Lance Gibson,2
Valeri Ignatov,2
Laverne Clark,3
Phil Johns,1
Jerry Bohlander,7
Fabio Gurgel,1
Hans Stringer,3
Igor Pokrajac,13
Kyle Kingsbury,9
Roger Hollett,2
Mike Russow,6
Falaniko Vitale,1
Zarah Fairn,2
Jerrod Sanders,4
Milton Vieira,2
Felix Lee Mitchell,1
Glaico Franca Moreira,3
Fernando Bruno,2
Flavio Luiz Moura,1
Floyd Sword,1
Hector Ramirez,2
Kuniyoshi Hironaka,4
Sammy Morgan,2
Magnus Cedenblad,6
Francisco Figueiredo,1
Jerome Rivera,3
Reuben Duran,4
Francisco Trevino,3
Renee Forte,4
Jai Herbert,1
Jesse Ronson,4
Frank Caracci,1
Frank Hamaker,1
Thaddeus Luster,1
Frank Lester,1
Pete Williams,8
Roberto Traven,1
Wes Sims,2
Frank Shamrock,5
Igor Zinoviev,1
John Lober,1
Kevin Jackson,4
Matt Veach,3
Nolan Ticman,2
Fred Ettish,1
Fredson Paixao,1
Yao Zhikui,4
Philip Rowe,1
Gabe Ruediger,3
Humberto Brown Morrison,1
Josh Hendricks,1
Kevin Jordan,2
Konstantin Erokhin,2
Gabriel Silva,2
Gadzhimurad Antigulov,6
Ion Cutelaba,8
Michal Oleksiejczuk,5
Gaetano Pirrello,1
Paulo Costa,6
John Campetella,1
Mark Schultz,1
Paul Herrera,1
SeungWoo Choi,4
Joby Sanchez,5
Leigh Remedios,1
Jay Hieron,4
Maiquel Falcao,1
Joseph Gigliotti,2
Khamzat Chimaev,3
Oskar Piechota,6
Gerald Strebendt,1
Larissa Pacheco,2
Gerry Harris,1
Saparbeg Safarov,4
Jamall Emmers,2
Jamey Simmons,1
Jason Saggo,6
Lukasz Sajewski,3
Mike Davis,3
Gilbert Smith,1
Jon Madsen,5
Mayra Bueno Silva,4
Sarah Frota,2
Taila Santos,3
Julia Avila,3
Gina Mazany,6
Macy Chiasson,6
Rachael Ostovich,4
Wu Yanan,4
Jeff Cox,2
Gloria de Paula,1
Jinh Yu Frey,3
Gokhan Saki,2
Henrique da Silva,6
Michael Trizano,3
Rob Emerson,7
Greg Stott,1
Guangyou Ning,4
Jianping Yang,1
Guilherme Vasconcelos,1
Mateusz Gamrot,1
Guram Kutateladze,1
Jason Fairn,1
John Dowdy,1
Yoshinori Horie,1
Mallory Martin,3
Mariya Agapova,2
Hannah Goldy,1
Harold Howard,3
Roland Payne,1
Harry Hunsucker,1
Hayato Sakurai,1
Hayder Hassan,2
Laureano Staropoli,4
Hector Aldana,3
Miguel Baeza,3
Joe Jordan,1
Richard Crunkilton,1
Hernani Perpetuo,2
Kevin Ferguson,2
John Teixeira,1
Ramiro Hernandez,2
Pascal Krauss,4
Nate Schroeder,1
Scott Adams,1
Tedd Williams,2
Ian Loveland,3
Tyler Toner,1
Tom Murphy,1
Icho Larenas,1
Rafael Cavalcante,5
Todd Brown,2
Jordan Wright,2
Ikuhisa Minowa,1
Joe Slick,2
Richardson Moreira,2
Wagner Prado,2
Tyson Pedro,6
Impa Kasanganay,2
Talita Bernardo,4
Vanessa Melo,4
Leo Kuntz,2
Rob Wilkinson,2
Issei Tamura,3
Leandro Issa,5
Pedro Nobre,1
Russell Doane,8
Ivan Jorge,4
Josh Shockley,2
Nick Pace,3
Ivan Serati,1
JC Cottrell,2
Lauren Mueller,4
Jack Nilson,1
Saeed Hosseini,1
Nohelin Hernandez,2
Jacob Malkoun,1
Phil Hawes,2
Ronys Torres,2
Shane Roller,6
Ricardo Abreu,2
Jake Hecht,3
Jake Lindsey,3
Rostem Akman,2
Josh Shockman,1
Kristof Midoux,1
Klidson Abreu,4
Vince Cachero,2
James Bochnovic,2
Mike Kyle,3
Tom Gallicchio,1
Valmir Lazaro,3
James Mulheron,1
Ricardo Romero,3
Steve Bosse,3
James Toney,1
Phillip Miller,2
James Zikic,1
Viviane Pereira,4
Tafon Nchukwi,1
Jamie Pickett,1
Jamie Yager,1
Nick Roehrick,1
Michel Quinones,2
War Machine,2
Jared Rollins,1
Josh Copeland,2
Jared Vanderaa,1
Robert Sanchez,3
Jason Black,2
Jason DeLucia,3
Scott Baker,1
Jason Godsey,2
Rory Singer,4
Javier Vazquez,1
Jeff Curran,3
Juan Espino,2
Jeff Hughes,4
Jeff Joslin,1
Tim Lajcik,3
Jeff Newton,1
Joao Roque,1
John Lewis,2
Jeremy Jackson,2
Jermaine Andre,1
Tyson Nam,5
Nick Sanzo,1
Rainy Martinez,1
Peggy Morgan,1
Jesse Forbes,3
Jesse Strader,1
Kalindra Faria,3
Jessica Rakoczy,2
Sarah Alpar,1
Jim Wallhead,2
Kamal Shalorus,3
Steve Lopez,2
Jim Mullen,1
Jimmy Crute,5
Jin Soo Son,2
Jiri Prochazka,1
Joao Pierini,1
Nazareno Malegarie,1
Jocelyn Jones-Lybarger,3
Joe Giannetti,1
Jonathan Pearce,2
Joe Moreira,2
Yuri Vaulin,1
Mike van Arsdale,4
Joe Pardo,1
Ron Stallings,3
Joe Son,1
Michinori Tanaka,5
Rolles Gracie,1
Joey Gomez,2
Sione Latu,1
Joey Roberts,1
John Allan,2
Roman Dolidze,3
John Cofer,2
John Gunderson,3
Mark Holst,2
John Halverson,2
Tom Egan,1
John Kolosci,1
Lowell Anderson,1
Louis Gaudinot,5
Yasuhiro Urushitani,2
Kyle Watson,2
Pat Audinwood,2
John Marsh,1
Ulysses Gomez,2
John Polakowski,1
Johnny Munoz,1
Nate Maness,2
Nate Loughran,2
Johnny Rees,2
Patrick Smith,5
Roldan Sangcha'an,2
Justin Wren,1
Jon Manley,1
Tae Hyun Bang,5
Paul Georgieff,1
Wuliji Buren,3
Kai Kamaka,2
Jonathan Wiezorek,1
Wade Shipp,1
Jonavin Webb,2
Jordan Leavitt,1
Jordan Williams,1
Nassourdine Imavov,2
Jorge Patino,1
Lee Murray,1
Nissen Osterneck,1
Leonardo Morales,2
Karol Rosa,3
Joselyne Edwards,2
Joseph Sandoval,2
Nick Denis,2
Walel Watson,4
Semmy Schilt,2
Josh Bryant,1
Josh Clopton,2
Ruslan Magomedov,3
Josh Haynes,3
Josh Parisian,1
Josh Sampo,4
Pete Sell,6
Justin Frazier,1
Marcin Wrzosek,1
Sean Woodson,2
Julian Sanchez,1
Nicco Montano,2
Julija Stoliarenko,2
Leah Letson,1
Julio Paulino,2
Jumabieke Tuerxun,3
Said Nurmagomedov,4
Jutaro Nakao,2
KB Bhullar,1
Raulian Paiva,4
Kanako Murata,1
Karine Gevorgyan,1
Roman Kopylov,1
Seth Petruzelli,4
Nick Thompson,2
Lara Procopio,2
Katsuhisa Fujii,2
Masutatsu Yano,1
Quinn Mulhern,2
Kazuhiro Nakamura,2
Rameau Thierry Sokoudjou,3
Yui Chul Nam,3
Kazushi Sakuraba,1
Marcus Silveira,1
Keigo Kunihara,1
Salim Touahri,3
Robert Drysdale,1
Keith Berish,2
Marco Ruas,6
Kerry Schall,1
Mike Whitehead,1
Kelly Dullanty,1
Kelly Faszholz,2
Tim Kennedy,5
Kit Cope,1
Thiago Perpetuo,3
Todd Butler,1
Kevin Natividad,1
Marcin Prachnio,4
Luis Pena,7
Ottman Azaitar,2
Luiz Dutra,2
Shamil Gamzatov,1
Koji Kitao,1
Koji Oishi,2
Kristian Rothaermel,1
Shane Primm,1
Kurt Holobaugh,4
Razak Al-Hassan,2
Sako Chivitchian,1
Shunichi Shimizu,1
Larry Cureton,2
Liliya Shakirova,1
Lewis Gonzalez,1
Pawel Pawlak,3
Roman Bogatov,1
Rin Nakai,2
Miranda Maverick,1
Lodune Sincaid,1
Logan Clark,1
Steve Byrnes,1
Louis Cosce,1
Sasha Palatnikov,1
Priscila Cachoeira,4
Lucio Linhares,2
Ludovit Klein,1
Solomon Hutcherson,1
Richie Smullen,1
Steve Garcia,1
Stanislav Nedkov,4
Mats Nilsson,2
Luke Caudillo,2
Shanna Young,1
Maia Stevenson,1
Marcin Bandel,2
Victoria Leonardo,1
Manon Fiorot,1
Teemu Packalen,4
Marcelo Aguiar,1
Wagner Campos,1
Ryan Roberts,1
Stephen Bass,1
Marcus Jones,1
Trevin Jones,2
Moti Horenstein,2
Mark Scanlon,1
Mark Striegl,1
Roman Salazar,3
Timur Valiev,2
Mason Jones,1
Rafael Carino,1
Matt Andersen,1
Rex Holman,1
Renzo Gracie,1
Philip De Fries,5
Michel Batista,1
Ramiz Brahimaj,1
Will Chope,1
Melton Bowen,1
Rick Davis,1
Waylon Lowe,4
Michael McBride,2
Tristan Connelly,1
Mickael Lebout,3
Mike Ciesnolevicz,2
Neil Grove,1
Thomas Gifford,2
Mike Grundy,2
Mike Nickels,2
Wes Combs,2
Paul Bradley,2
Mike Stumpf,2
Steve Vigneault,1
Niklas Backstrom,3
Townsend Saunders,2
Minoki Ichihara,1
Paul Redmond,2
Tim Gorman,2
Ricky Rainey,2
Nah-Shon Burrell,2
Yuri Villefort,2
Rafa Garcia,1
Neil Wain,1
Nick Agallar,1
Nicolae Negumereanu,1
Niklas Stolze,1
Oli Thompson,2
Orlando Wiet,2
Robert Lucarelli,1
Shane Howell,2
Shane del Rosario,2
Ray Wizard,1
Rudyard Moncayo,1
Scott Morris,2
Troy Mandaloniz,2
Paul Rodriguez,1
Zach Light,1
Steve Kennedy,2
Rob Broughton,3
Yoislandy Izquierdo,2
Stefan Sekulic,1
Tony Halme,1
Ryan Parker,1
Travis Wiuff,2
Rob Yundt,2
Ross Pointon,2
Richie Hightower,1
Vinicius Queiroz,1
Steve Steinbeiss,2
Rocky Lee,1
Rodrigo Ruas,1
Roger Gracie,1
Roger Zapata,1
Satoshi Honma,1
Ron van Clief,1
Ronnie Lawrence,1
Sergey Khandozhko,2
Ryan Madigan,1
Ryan McGillivray,1
Sam Hughes,1
Sean Daugherty,1
Sean Alvarez,1
Umar Nurmagomedov,1
Sergey Morozov,1
Suman Mokhtarian,2
Tracy Cortez,2
Stephanie Egger,1
Tai Bowden,1
Zarrukh Adashev,2
Wes Albritton,1
Tony Petarra,1
Yoshiki Takahashi,1
Wallid Ismail,1
Willamy Freire,1
